Name,Slug,Collection ID,Locale ID,Item ID,Archived,Draft,Created On,Updated On,Published On,Longitude,Latitude,Category
Aquarius,santa-cruz-beach-aquarius,6786de91c5b6dbbb511c16df,678661730ea760533db7153c,67df90ca9337462b0f937ad1,false,false,Sun Mar 23 2025 04:40:42 GMT+0000 (Coordinated Universal Time),Sun Mar 23 2025 04:40:42 GMT+0000 (Coordinated Universal Time),Sun Mar 23 2025 04:40:42 GMT+0000 (Coordinated Universal Time),-122.02429678,36.96220071,Food
Barnacle Bill's,barnacle-bills,6786de91c5b6dbbb511c16df,678661730ea760533db7153c,67e06f8d518a5eccabe295f5,false,false,Sun Mar 23 2025 20:31:09 GMT+0000 (Coordinated Universal Time),Sun Mar 23 2025 20:31:09 GMT+0000 (Coordinated Universal Time),Sun Mar 23 2025 20:31:09 GMT+0000 (Coordinated Universal Time),-122.01566766,36.96443876,Food
Beach Street Cafe,santa-cruz-beach-beach-street-cafe,6786de91c5b6dbbb511c16df,678661730ea760533db7153c,67e06ebe412876c81cd12593,false,false,Sun Mar 23 2025 20:27:42 GMT+0000 (Coordinated Universal Time),Sun Mar 23 2025 20:27:42 GMT+0000 (Coordinated Universal Time),Sun Mar 23 2025 20:27:42 GMT+0000 (Coordinated Universal Time),-122.02043066,36.9642151,Food
Boardwalk Parking,santa-cruz-beach-parking-6,6786de91c5b6dbbb511c16df,678661730ea760533db7153c,67e06f4c518a5eccabe25b68,false,false,Sun Mar 23 2025 20:30:04 GMT+0000 (Coordinated Universal Time),Thu Mar 27 2025 01:09:47 GMT+0000 (Coordinated Universal Time),Thu Mar 27 2025 01:09:47 GMT+0000 (Coordinated Universal Time),-122.01928615,36.96519169,Parking
Broad Street Oyster Company,broad-street-oyster-company,6786de91c5b6dbbb511c16df,678661730ea760533db7153c,67d8f944fbb61570f55e8845,false,false,Tue Mar 18 2025 04:40:36 GMT+0000 (Coordinated Universal Time),Tue Mar 18 2025 04:40:36 GMT+0000 (Coordinated Universal Time),Tue Mar 18 2025 04:40:36 GMT+0000 (Coordinated Universal Time),-118.00617866,33.6530626,Food
Cowell Beach Parking,santa-cruz-beach-cowell-beach-parking,6786de91c5b6dbbb511c16df,678661730ea760533db7153c,67df90f99570ab4b01a82fe1,false,false,Sun Mar 23 2025 04:41:29 GMT+0000 (Coordinated Universal Time),Thu Mar 27 2025 01:10:46 GMT+0000 (Coordinated Universal Time),Thu Mar 27 2025 01:10:46 GMT+0000 (Coordinated Universal Time),-122.02462663,36.9628883,Parking
Duke's Huntington Beach,dukes-huntington-beach,6786de91c5b6dbbb511c16df,678661730ea760533db7153c,67d0c9f117b3cfacd228eb77,false,false,Tue Mar 11 2025 23:40:33 GMT+0000 (Coordinated Universal Time),Wed Mar 12 2025 04:25:54 GMT+0000 (Coordinated Universal Time),Wed Mar 12 2025 04:25:54 GMT+0000 (Coordinated Universal Time),-118.00200215,33.65703056,Food
Dwight's Beach Concession,dwights-beach-concession,6786de91c5b6dbbb511c16df,678661730ea760533db7153c,67d8faa239315e3b47e1045b,false,false,Tue Mar 18 2025 04:46:26 GMT+0000 (Coordinated Universal Time),Tue Mar 18 2025 04:46:26 GMT+0000 (Coordinated Universal Time),Tue Mar 18 2025 04:46:26 GMT+0000 (Coordinated Universal Time),-118.00116326,33.65567892,Food
Firefish Grill,santa-cruz-wharf-firefish-grill,6786de91c5b6dbbb511c16df,678661730ea760533db7153c,67df8fa38691b5a868a62884,false,false,Sun Mar 23 2025 04:35:47 GMT+0000 (Coordinated Universal Time),Sun Mar 23 2025 04:35:47 GMT+0000 (Coordinated Universal Time),Sun Mar 23 2025 04:35:47 GMT+0000 (Coordinated Universal Time),-122.0198606,36.95997251,Food
Gilda's,santa-cruz-wharf-gildas,6786de91c5b6dbbb511c16df,678661730ea760533db7153c,67df8f4e8691b5a868a5b7c2,false,false,Sun Mar 23 2025 04:34:22 GMT+0000 (Coordinated Universal Time),Sun Mar 23 2025 04:34:22 GMT+0000 (Coordinated Universal Time),Sun Mar 23 2025 04:34:22 GMT+0000 (Coordinated Universal Time),-122.01938532,36.95964287,Food
Huntington Beach Pier,huntington-beach-pier,6786de91c5b6dbbb511c16df,678661730ea760533db7153c,67cfc83a5eb8ae01d4473b22,false,false,Tue Mar 11 2025 05:20:58 GMT+0000 (Coordinated Universal Time),Wed Mar 12 2025 04:30:18 GMT+0000 (Coordinated Universal Time),Wed Mar 12 2025 04:30:18 GMT+0000 (Coordinated Universal Time),-118.00418223,33.65524915,Pier
Ideal Bar & Grill,santa-cruz-wharf-ideal-bar-grill,6786de91c5b6dbbb511c16df,678661730ea760533db7153c,67df6d55751dd27977f81ead,false,false,Sun Mar 23 2025 02:09:25 GMT+0000 (Coordinated Universal Time),Sun Mar 23 2025 04:32:55 GMT+0000 (Coordinated Universal Time),Sun Mar 23 2025 04:32:55 GMT+0000 (Coordinated Universal Time),-122.02322826,36.96272519,Food
Jack's Beach Concession,jacks-beach-concession,6786de91c5b6dbbb511c16df,678661730ea760533db7153c,67df46da247f9581f277a547,false,false,Sat Mar 22 2025 23:25:14 GMT+0000 (Coordinated Universal Time),Sat Mar 22 2025 23:25:14 GMT+0000 (Coordinated Universal Time),Sat Mar 22 2025 23:25:14 GMT+0000 (Coordinated Universal Time),-117.99617952,33.6526719,Food
Kianti's Pizza & Pasta,santa-cruz-beach-kiantis-pizza-pasta,6786de91c5b6dbbb511c16df,678661730ea760533db7153c,67e07242e3933af682f040bb,false,false,Sun Mar 23 2025 20:42:42 GMT+0000 (Coordinated Universal Time),Sun Mar 23 2025 20:42:42 GMT+0000 (Coordinated Universal Time),Sun Mar 23 2025 20:42:42 GMT+0000 (Coordinated Universal Time),-122.02421262,36.96350679,Food
Kokomo's Surfside Grill,kokomos-surfside-grill,6786de91c5b6dbbb511c16df,678661730ea760533db7153c,67df43dd8179811c8c1c9ef7,false,false,Sat Mar 22 2025 23:12:29 GMT+0000 (Coordinated Universal Time),Sat Mar 22 2025 23:12:29 GMT+0000 (Coordinated Universal Time),Sat Mar 22 2025 23:12:29 GMT+0000 (Coordinated Universal Time),-117.99879683,33.65437933,Food
Lifeguard Tower,malibu-beach-lifeguard-tower,6786de91c5b6dbbb511c16df,678661730ea760533db7153c,67e1c3cb1feda11130c3d091,false,false,Mon Mar 24 2025 20:42:51 GMT+0000 (Coordinated Universal Time),Mon Mar 24 2025 20:42:51 GMT+0000 (Coordinated Universal Time),Mon Mar 24 2025 20:42:51 GMT+0000 (Coordinated Universal Time),-118.67884846,34.03489794,Lifeguard
Lifeguard Tower 1,huntington-city-beach-lifeguard-tower-1,6786de91c5b6dbbb511c16df,678661730ea760533db7153c,67cfb2e83ec21478bb98ded6,false,false,Tue Mar 11 2025 03:50:00 GMT+0000 (Coordinated Universal Time),Sun Mar 23 2025 00:02:20 GMT+0000 (Coordinated Universal Time),Sun Mar 23 2025 00:02:20 GMT+0000 (Coordinated Universal Time),-118.0031989,33.65525155,Lifeguard
Lifeguard Tower 1,santa-cruz-beach-lifeguard-tower-1,6786de91c5b6dbbb511c16df,678661730ea760533db7153c,67df6b02cb3222eec73c9db1,false,false,Sun Mar 23 2025 01:59:30 GMT+0000 (Coordinated Universal Time),Sun Mar 23 2025 01:59:30 GMT+0000 (Coordinated Universal Time),Sun Mar 23 2025 01:59:30 GMT+0000 (Coordinated Universal Time),-122.02387584,36.96222325,Lifeguard
Lifeguard Tower 10,huntington-city-beach-lifeguard-tower-10,6786de91c5b6dbbb511c16df,678661730ea760533db7153c,67d8f751f9810e48c1f67beb,false,false,Tue Mar 18 2025 04:32:17 GMT+0000 (Coordinated Universal Time),Sun Mar 23 2025 00:02:21 GMT+0000 (Coordinated Universal Time),Sun Mar 23 2025 00:02:21 GMT+0000 (Coordinated Universal Time),-118.00798412,33.6594699,Lifeguard
Lifeguard Tower 11,huntington-city-beach-lifeguard-tower-11,6786de91c5b6dbbb511c16df,678661730ea760533db7153c,67d1101604e440dcca533407,false,false,Wed Mar 12 2025 04:39:50 GMT+0000 (Coordinated Universal Time),Sun Mar 23 2025 00:02:21 GMT+0000 (Coordinated Universal Time),Sun Mar 23 2025 00:02:21 GMT+0000 (Coordinated Universal Time),-117.99547218,33.6505476,Lifeguard
Lifeguard Tower 12,huntington-city-beach-lifeguard-tower-12,6786de91c5b6dbbb511c16df,678661730ea760533db7153c,67d8f7795f1ed6f0f6a005bf,false,false,Tue Mar 18 2025 04:32:57 GMT+0000 (Coordinated Universal Time),Sun Mar 23 2025 00:02:21 GMT+0000 (Coordinated Universal Time),Sun Mar 23 2025 00:02:21 GMT+0000 (Coordinated Universal Time),-118.00940765,33.6606744,Lifeguard
Lifeguard Tower 13,huntington-city-beach-lifeguard-tower-13,6786de91c5b6dbbb511c16df,678661730ea760533db7153c,67d8c75a548c3da2255bd55b,false,false,Tue Mar 18 2025 01:07:38 GMT+0000 (Coordinated Universal Time),Sun Mar 23 2025 00:02:21 GMT+0000 (Coordinated Universal Time),Sun Mar 23 2025 00:02:21 GMT+0000 (Coordinated Universal Time),-117.99398514,33.649821,Lifeguard
Lifeguard Tower 14,huntington-city-beach-lifeguard-tower-14,6786de91c5b6dbbb511c16df,678661730ea760533db7153c,67d8f7995f1ed6f0f6a03351,false,false,Tue Mar 18 2025 04:33:29 GMT+0000 (Coordinated Universal Time),Sun Mar 23 2025 00:02:21 GMT+0000 (Coordinated Universal Time),Sun Mar 23 2025 00:02:21 GMT+0000 (Coordinated Universal Time),-118.01122733,33.66217706,Lifeguard
Lifeguard Tower 15,huntington-city-beach-lifeguard-tower-15,6786de91c5b6dbbb511c16df,678661730ea760533db7153c,67d8c7a14a083893d4cc826f,false,false,Tue Mar 18 2025 01:08:49 GMT+0000 (Coordinated Universal Time),Sun Mar 23 2025 00:02:21 GMT+0000 (Coordinated Universal Time),Sun Mar 23 2025 00:02:21 GMT+0000 (Coordinated Universal Time),-117.99244142,33.64868535,Lifeguard
Lifeguard Tower 16,huntington-city-beach-lifeguard-tower-16,6786de91c5b6dbbb511c16df,678661730ea760533db7153c,67d8f7ba36b5d56f7bc9664c,false,false,Tue Mar 18 2025 04:34:02 GMT+0000 (Coordinated Universal Time),Sun Mar 23 2025 00:02:20 GMT+0000 (Coordinated Universal Time),Sun Mar 23 2025 00:02:20 GMT+0000 (Coordinated Universal Time),-118.01276222,33.6634004,Lifeguard
Lifeguard Tower 17,huntington-city-beach-lifeguard-tower-17,6786de91c5b6dbbb511c16df,678661730ea760533db7153c,67d8c80dbaf5109bbda8cff2,false,false,Tue Mar 18 2025 01:10:37 GMT+0000 (Coordinated Universal Time),Sun Mar 23 2025 00:02:20 GMT+0000 (Coordinated Universal Time),Sun Mar 23 2025 00:02:20 GMT+0000 (Coordinated Universal Time),-117.9910546,33.64776123,Lifeguard
Lifeguard Tower 18,huntington-city-beach-lifeguard-tower-18,6786de91c5b6dbbb511c16df,678661730ea760533db7153c,67d8f7e336b5d56f7bc999bc,false,false,Tue Mar 18 2025 04:34:43 GMT+0000 (Coordinated Universal Time),Sun Mar 23 2025 00:02:21 GMT+0000 (Coordinated Universal Time),Sun Mar 23 2025 00:02:21 GMT+0000 (Coordinated Universal Time),-118.014374,33.66471559,Lifeguard
Lifeguard Tower 19,huntington-city-beach-lifeguard-tower-19,6786de91c5b6dbbb511c16df,678661730ea760533db7153c,67d8f5a843a7933fd9bddb5a,false,false,Tue Mar 18 2025 04:25:12 GMT+0000 (Coordinated Universal Time),Sun Mar 23 2025 00:02:21 GMT+0000 (Coordinated Universal Time),Sun Mar 23 2025 00:02:21 GMT+0000 (Coordinated Universal Time),-117.98943856,33.64658124,Lifeguard
Lifeguard Tower 2,huntington-city-beach-lifeguard-tower-2,6786de91c5b6dbbb511c16df,678661730ea760533db7153c,67d8f6bcecb4bca19932502c,false,false,Tue Mar 18 2025 04:29:48 GMT+0000 (Coordinated Universal Time),Sun Mar 23 2025 00:02:21 GMT+0000 (Coordinated Universal Time),Sun Mar 23 2025 00:02:21 GMT+0000 (Coordinated Universal Time),-118.00393818,33.65593552,Lifeguard
Lifeguard Tower 2,santa-cruz-beach-lifeguard-tower-2,6786de91c5b6dbbb511c16df,678661730ea760533db7153c,67df6b702372322464c5710a,false,false,Sun Mar 23 2025 02:01:20 GMT+0000 (Coordinated Universal Time),Sun Mar 23 2025 02:01:20 GMT+0000 (Coordinated Universal Time),Sun Mar 23 2025 02:01:20 GMT+0000 (Coordinated Universal Time),-122.02072886,36.96293116,Lifeguard
Lifeguard Tower 20,huntington-city-beach-lifeguard-tower-20,6786de91c5b6dbbb511c16df,678661730ea760533db7153c,67df540fc964252d0345cf2a,false,false,Sun Mar 23 2025 00:21:35 GMT+0000 (Coordinated Universal Time),Sun Mar 23 2025 00:21:35 GMT+0000 (Coordinated Universal Time),Sun Mar 23 2025 00:21:35 GMT+0000 (Coordinated Universal Time),-118.01611897,33.66624705,Lifeguard
Lifeguard Tower 22,huntington-city-beach-lifeguard-tower-22,6786de91c5b6dbbb511c16df,678661730ea760533db7153c,67df543737ce19f65f311d11,false,false,Sun Mar 23 2025 00:22:15 GMT+0000 (Coordinated Universal Time),Sun Mar 23 2025 00:22:15 GMT+0000 (Coordinated Universal Time),Sun Mar 23 2025 00:22:15 GMT+0000 (Coordinated Universal Time),-118.01768618,33.66747751,Lifeguard
Lifeguard Tower 28,huntington-city-beach-lifeguard-tower-28,6786de91c5b6dbbb511c16df,678661730ea760533db7153c,67df5549f4dc699faed79ed3,false,false,Sun Mar 23 2025 00:26:49 GMT+0000 (Coordinated Universal Time),Sun Mar 23 2025 00:26:49 GMT+0000 (Coordinated Universal Time),Sun Mar 23 2025 00:26:49 GMT+0000 (Coordinated Universal Time),-118.02863358,33.67611629,Lifeguard
Lifeguard Tower 3,huntington-city-beach-lifeguard-tower-3,6786de91c5b6dbbb511c16df,678661730ea760533db7153c,67d10ebff54306d3a1607575,false,false,Wed Mar 12 2025 04:34:07 GMT+0000 (Coordinated Universal Time),Sun Mar 23 2025 00:02:20 GMT+0000 (Coordinated Universal Time),Sun Mar 23 2025 00:02:20 GMT+0000 (Coordinated Universal Time),-118.00159232,33.65432337,Lifeguard
Lifeguard Tower 3,santa-cruz-beach-lifeguard-tower-3,6786de91c5b6dbbb511c16df,678661730ea760533db7153c,67df6c5e13fb82098208aceb,false,false,Sun Mar 23 2025 02:05:18 GMT+0000 (Coordinated Universal Time),Sun Mar 23 2025 02:05:18 GMT+0000 (Coordinated Universal Time),Sun Mar 23 2025 02:05:18 GMT+0000 (Coordinated Universal Time),-122.01829324,36.96330106,Lifeguard
Lifeguard Tower 4,huntington-city-beach-lifeguard-tower-4,6786de91c5b6dbbb511c16df,678661730ea760533db7153c,67d8f6e85f1ed6f0f69f448a,false,false,Tue Mar 18 2025 04:30:32 GMT+0000 (Coordinated Universal Time),Sun Mar 23 2025 00:02:20 GMT+0000 (Coordinated Universal Time),Sun Mar 23 2025 00:02:20 GMT+0000 (Coordinated Universal Time),-118.00466467,33.6565125,Lifeguard
Lifeguard Tower 4,santa-cruz-beach-lifeguard-tower-4,6786de91c5b6dbbb511c16df,678661730ea760533db7153c,67df6c92751dd27977f753fb,false,false,Sun Mar 23 2025 02:06:10 GMT+0000 (Coordinated Universal Time),Sun Mar 23 2025 02:06:10 GMT+0000 (Coordinated Universal Time),Sun Mar 23 2025 02:06:10 GMT+0000 (Coordinated Universal Time),-122.01625058,36.96352282,Lifeguard
Lifeguard Tower 5,huntington-city-beach-lifeguard-tower-5,6786de91c5b6dbbb511c16df,678661730ea760533db7153c,67d10f0b4168622f5b0d833c,false,false,Wed Mar 12 2025 04:35:23 GMT+0000 (Coordinated Universal Time),Sun Mar 23 2025 00:02:20 GMT+0000 (Coordinated Universal Time),Sun Mar 23 2025 00:02:20 GMT+0000 (Coordinated Universal Time),-118.0000493,33.65334892,Lifeguard
Lifeguard Tower 5,santa-cruz-beach-lifeguard-tower-5,6786de91c5b6dbbb511c16df,678661730ea760533db7153c,67df6cc750eac785ceeed650,false,false,Sun Mar 23 2025 02:07:03 GMT+0000 (Coordinated Universal Time),Sun Mar 23 2025 02:07:03 GMT+0000 (Coordinated Universal Time),Sun Mar 23 2025 02:07:03 GMT+0000 (Coordinated Universal Time),-122.01416274,36.96358339,Lifeguard
Lifeguard Tower 6,huntington-city-beach-lifeguard-tower-6,6786de91c5b6dbbb511c16df,678661730ea760533db7153c,67d8f713f053ad0365bb2a22,false,false,Tue Mar 18 2025 04:31:15 GMT+0000 (Coordinated Universal Time),Sun Mar 23 2025 00:02:20 GMT+0000 (Coordinated Universal Time),Sun Mar 23 2025 00:02:20 GMT+0000 (Coordinated Universal Time),-118.00560261,33.65733282,Lifeguard
Lifeguard Tower 7,huntington-city-beach-lifeguard-tower-7,6786de91c5b6dbbb511c16df,678661730ea760533db7153c,67d10f427fc4263dcee84eed,false,false,Wed Mar 12 2025 04:36:18 GMT+0000 (Coordinated Universal Time),Sun Mar 23 2025 00:02:21 GMT+0000 (Coordinated Universal Time),Sun Mar 23 2025 00:02:21 GMT+0000 (Coordinated Universal Time),-117.99857682,33.65235661,Lifeguard
Lifeguard Tower 8,huntington-city-beach-lifeguard-tower-8,6786de91c5b6dbbb511c16df,678661730ea760533db7153c,67d8f734bc76235fe76fafa8,false,false,Tue Mar 18 2025 04:31:48 GMT+0000 (Coordinated Universal Time),Sun Mar 23 2025 00:02:21 GMT+0000 (Coordinated Universal Time),Sun Mar 23 2025 00:02:21 GMT+0000 (Coordinated Universal Time),-118.00669811,33.65834669,Lifeguard
Lifeguard Tower 9,huntington-city-beach-lifeguard-tower-9,6786de91c5b6dbbb511c16df,678661730ea760533db7153c,67d10fbf61f1d97e780b0a78,false,false,Wed Mar 12 2025 04:38:23 GMT+0000 (Coordinated Universal Time),Sun Mar 23 2025 00:02:20 GMT+0000 (Coordinated Universal Time),Sun Mar 23 2025 00:02:20 GMT+0000 (Coordinated Universal Time),-117.99706454,33.65142285,Lifeguard
Malibu Farm Pier Cafe,malibu-beach-malibu-farm-pier-cafe,6786de91c5b6dbbb511c16df,678661730ea760533db7153c,67e1c200985e512e05af64ec,false,false,Mon Mar 24 2025 20:35:12 GMT+0000 (Coordinated Universal Time),Mon Mar 24 2025 20:35:12 GMT+0000 (Coordinated Universal Time),Mon Mar 24 2025 20:35:12 GMT+0000 (Coordinated Universal Time),-118.6756279,34.03564135,Food
Malibu Farm Restaurant,malibu-beach-malibu-farm-restaurant,6786de91c5b6dbbb511c16df,678661730ea760533db7153c,67e1c16a39eb19aedef9c7ad,false,false,Mon Mar 24 2025 20:32:42 GMT+0000 (Coordinated Universal Time),Mon Mar 24 2025 20:32:42 GMT+0000 (Coordinated Universal Time),Mon Mar 24 2025 20:32:42 GMT+0000 (Coordinated Universal Time),-118.67667067,34.03713387,Food
Malibu Lagoon State Park Parking,malibu-beach-malibu-lagoon-state-park-parking,6786de91c5b6dbbb511c16df,678661730ea760533db7153c,67e1c2acfff37f7d5b32eb69,false,false,Mon Mar 24 2025 20:38:04 GMT+0000 (Coordinated Universal Time),Thu Mar 27 2025 01:07:39 GMT+0000 (Coordinated Universal Time),Thu Mar 27 2025 01:07:39 GMT+0000 (Coordinated Universal Time),-118.68468058,34.03404524,Parking
Malibu Pier,malibu-beach-malibu-pier,6786de91c5b6dbbb511c16df,678661730ea760533db7153c,67e1c1da9ddb02e399bc0039,false,false,Mon Mar 24 2025 20:34:34 GMT+0000 (Coordinated Universal Time),Mon Mar 24 2025 20:34:34 GMT+0000 (Coordinated Universal Time),Mon Mar 24 2025 20:34:34 GMT+0000 (Coordinated Universal Time),-118.67615497,34.03645631,Pier
Nobu,malibu-beach-nobu,6786de91c5b6dbbb511c16df,678661730ea760533db7153c,67e1c310e760584113be2ed1,false,false,Mon Mar 24 2025 20:39:44 GMT+0000 (Coordinated Universal Time),Mon Mar 24 2025 20:39:44 GMT+0000 (Coordinated Universal Time),Mon Mar 24 2025 20:39:44 GMT+0000 (Coordinated Universal Time),-118.66960987,34.03897729,Food
Olitas,santa-cruz-wharf-olitas,6786de91c5b6dbbb511c16df,678661730ea760533db7153c,67df8ed8102a9920a0da5faa,false,false,Sun Mar 23 2025 04:32:24 GMT+0000 (Coordinated Universal Time),Sun Mar 23 2025 04:32:24 GMT+0000 (Coordinated Universal Time),Sun Mar 23 2025 04:32:24 GMT+0000 (Coordinated Universal Time),-122.01837702,36.95895038,Food
Pacific Point Market & Cafe,pacific-point-market-cafe,6786de91c5b6dbbb511c16df,678661730ea760533db7153c,67e06e8d6882ba1b3f7d2cce,false,false,Sun Mar 23 2025 20:26:53 GMT+0000 (Coordinated Universal Time),Sun Mar 23 2025 20:26:53 GMT+0000 (Coordinated Universal Time),Sun Mar 23 2025 20:26:53 GMT+0000 (Coordinated Universal Time),-122.02582305,36.96507451,Food
Paradise Dogs,santa-cruz-wharf-paradise-dogs,6786de91c5b6dbbb511c16df,678661730ea760533db7153c,67df6d25e72f1bb42f5aa340,false,false,Sun Mar 23 2025 02:08:37 GMT+0000 (Coordinated Universal Time),Sun Mar 23 2025 04:33:05 GMT+0000 (Coordinated Universal Time),Sun Mar 23 2025 04:33:05 GMT+0000 (Coordinated Universal Time),-122.02305079,36.96239149,Food
Parking,huntington-city-beach-parking-1,6786de91c5b6dbbb511c16df,678661730ea760533db7153c,67d8f9ec2c5d38edb1d4a464,false,false,Tue Mar 18 2025 04:43:24 GMT+0000 (Coordinated Universal Time),Thu Mar 27 2025 01:12:39 GMT+0000 (Coordinated Universal Time),Thu Mar 27 2025 01:12:39 GMT+0000 (Coordinated Universal Time),-118.00112541,33.65600284,Parking
Parking,huntington-city-beach-parking-2,6786de91c5b6dbbb511c16df,678661730ea760533db7153c,67d8fa19fd3684565a69fc14,false,false,Tue Mar 18 2025 04:44:09 GMT+0000 (Coordinated Universal Time),Thu Mar 27 2025 01:12:26 GMT+0000 (Coordinated Universal Time),Thu Mar 27 2025 01:12:26 GMT+0000 (Coordinated Universal Time),-118.00377143,33.65787764,Parking
Parking,huntington-city-beach-parking-3,6786de91c5b6dbbb511c16df,678661730ea760533db7153c,67df4a8ed47b1444c0332159,false,false,Sat Mar 22 2025 23:41:02 GMT+0000 (Coordinated Universal Time),Thu Mar 27 2025 01:12:13 GMT+0000 (Coordinated Universal Time),Thu Mar 27 2025 01:12:13 GMT+0000 (Coordinated Universal Time),-117.98953107,33.64887877,Parking
Parking,huntington-city-beach-parking-4,6786de91c5b6dbbb511c16df,678661730ea760533db7153c,67df4ab8eace584b4115a36a,false,false,Sat Mar 22 2025 23:41:44 GMT+0000 (Coordinated Universal Time),Thu Mar 27 2025 01:12:00 GMT+0000 (Coordinated Universal Time),Thu Mar 27 2025 01:12:00 GMT+0000 (Coordinated Universal Time),-117.9910355,33.64989821,Parking
Parking,huntington-city-beach-parking-5,6786de91c5b6dbbb511c16df,678661730ea760533db7153c,67df4aed30ab2d1c634777fd,false,false,Sat Mar 22 2025 23:42:37 GMT+0000 (Coordinated Universal Time),Thu Mar 27 2025 01:11:47 GMT+0000 (Coordinated Universal Time),Thu Mar 27 2025 01:11:47 GMT+0000 (Coordinated Universal Time),-117.99347895,33.65147649,Parking
Parking,huntington-city-beach-parking-6,6786de91c5b6dbbb511c16df,678661730ea760533db7153c,67df4b1737ce19f65f26d688,false,false,Sat Mar 22 2025 23:43:19 GMT+0000 (Coordinated Universal Time),Thu Mar 27 2025 01:11:34 GMT+0000 (Coordinated Universal Time),Thu Mar 27 2025 01:11:34 GMT+0000 (Coordinated Universal Time),-117.99740436,33.65365121,Parking
Parking,santa-cruz-beach-parking-1,6786de91c5b6dbbb511c16df,678661730ea760533db7153c,67df9049471904c15def9dd9,false,false,Sun Mar 23 2025 04:38:33 GMT+0000 (Coordinated Universal Time),Thu Mar 27 2025 01:11:22 GMT+0000 (Coordinated Universal Time),Thu Mar 27 2025 01:11:22 GMT+0000 (Coordinated Universal Time),-122.02399631,36.9624855,Parking
Parking,santa-cruz-beach-parking-2,6786de91c5b6dbbb511c16df,678661730ea760533db7153c,67df90a8e797930b85c76c90,false,false,Sun Mar 23 2025 04:40:08 GMT+0000 (Coordinated Universal Time),Thu Mar 27 2025 01:11:12 GMT+0000 (Coordinated Universal Time),Thu Mar 27 2025 01:11:12 GMT+0000 (Coordinated Universal Time),-122.02358192,36.96334774,Parking
Parking,santa-cruz-beach-parking-3,6786de91c5b6dbbb511c16df,678661730ea760533db7153c,67df9137e797930b85c814d5,false,false,Sun Mar 23 2025 04:42:31 GMT+0000 (Coordinated Universal Time),Thu Mar 27 2025 01:10:36 GMT+0000 (Coordinated Universal Time),Thu Mar 27 2025 01:10:36 GMT+0000 (Coordinated Universal Time),-122.02491789,36.96219894,Parking
Parking,santa-cruz-beach-parking-4,6786de91c5b6dbbb511c16df,678661730ea760533db7153c,67df9183d99f14beabab5545,false,false,Sun Mar 23 2025 04:43:47 GMT+0000 (Coordinated Universal Time),Thu Mar 27 2025 01:10:20 GMT+0000 (Coordinated Universal Time),Thu Mar 27 2025 01:10:20 GMT+0000 (Coordinated Universal Time),-122.0237046,36.96400459,Parking
Parking,santa-cruz-beach-parking-5,6786de91c5b6dbbb511c16df,678661730ea760533db7153c,67e06e5bc16f2237216810bf,false,false,Sun Mar 23 2025 20:26:03 GMT+0000 (Coordinated Universal Time),Thu Mar 27 2025 01:10:05 GMT+0000 (Coordinated Universal Time),Thu Mar 27 2025 01:10:05 GMT+0000 (Coordinated Universal Time),-122.02674812,36.95170949,Parking
Parking,santa-cruz-beach-parking-8,6786de91c5b6dbbb511c16df,678661730ea760533db7153c,67e0702726c5422df259535e,false,false,Sun Mar 23 2025 20:33:43 GMT+0000 (Coordinated Universal Time),Thu Mar 27 2025 01:09:22 GMT+0000 (Coordinated Universal Time),Thu Mar 27 2025 01:09:22 GMT+0000 (Coordinated Universal Time),-122.01554979,36.96538441,Parking
Parking,santa-cruz-beach-parking-9,6786de91c5b6dbbb511c16df,678661730ea760533db7153c,67e070c24d53eb7dbc4807a3,false,false,Sun Mar 23 2025 20:36:18 GMT+0000 (Coordinated Universal Time),Thu Mar 27 2025 01:09:12 GMT+0000 (Coordinated Universal Time),Thu Mar 27 2025 01:09:12 GMT+0000 (Coordinated Universal Time),-122.01649128,36.96503716,Parking
Parking,santa-cruz-beach-parking-10,6786de91c5b6dbbb511c16df,678661730ea760533db7153c,67e070efc99922772beba200,false,false,Sun Mar 23 2025 20:37:03 GMT+0000 (Coordinated Universal Time),Thu Mar 27 2025 01:09:02 GMT+0000 (Coordinated Universal Time),Thu Mar 27 2025 01:09:02 GMT+0000 (Coordinated Universal Time),-122.01459441,36.96565991,Parking
Parking,santa-cruz-beach-parking-11,6786de91c5b6dbbb511c16df,678661730ea760533db7153c,67e07278e98fa2779661c62e,false,false,Sun Mar 23 2025 20:43:36 GMT+0000 (Coordinated Universal Time),Thu Mar 27 2025 01:08:41 GMT+0000 (Coordinated Universal Time),Thu Mar 27 2025 01:08:41 GMT+0000 (Coordinated Universal Time),-122.02336719,36.96423246,Parking
Parking,santa-cruz-beach-parking-12,6786de91c5b6dbbb511c16df,678661730ea760533db7153c,67e0729f98a89f10b0e2be05,false,false,Sun Mar 23 2025 20:44:15 GMT+0000 (Coordinated Universal Time),Thu Mar 27 2025 01:08:33 GMT+0000 (Coordinated Universal Time),Thu Mar 27 2025 01:08:33 GMT+0000 (Coordinated Universal Time),-122.02100846,36.96511003,Parking
Parking,santa-cruz-beach-parking-13,6786de91c5b6dbbb511c16df,678661730ea760533db7153c,67e072f4f6902f961108bd86,false,false,Sun Mar 23 2025 20:45:40 GMT+0000 (Coordinated Universal Time),Thu Mar 27 2025 01:08:25 GMT+0000 (Coordinated Universal Time),Thu Mar 27 2025 01:08:25 GMT+0000 (Coordinated Universal Time),-122.02275815,36.96382508,Parking
Parking,malibu-beach-parking-1,6786de91c5b6dbbb511c16df,678661730ea760533db7153c,67e1c2211b2f6428db762c6e,false,false,Mon Mar 24 2025 20:35:45 GMT+0000 (Coordinated Universal Time),Thu Mar 27 2025 01:08:15 GMT+0000 (Coordinated Universal Time),Thu Mar 27 2025 01:08:15 GMT+0000 (Coordinated Universal Time),-118.67567457,34.03772075,Parking
Parking,malibu-beach-parking-2,6786de91c5b6dbbb511c16df,678661730ea760533db7153c,67e1c24aad3933e197bc8203,false,false,Mon Mar 24 2025 20:36:26 GMT+0000 (Coordinated Universal Time),Thu Mar 27 2025 01:08:05 GMT+0000 (Coordinated Universal Time),Thu Mar 27 2025 01:08:05 GMT+0000 (Coordinated Universal Time),-118.67933681,34.03528138,Parking
Parking,malibu-beach-parking-3,6786de91c5b6dbbb511c16df,678661730ea760533db7153c,67e1c2d41f852a49dc0b1668,false,false,Mon Mar 24 2025 20:38:44 GMT+0000 (Coordinated Universal Time),Thu Mar 27 2025 01:07:23 GMT+0000 (Coordinated Universal Time),Thu Mar 27 2025 01:07:23 GMT+0000 (Coordinated Universal Time),-118.68509136,34.03399455,Parking
Picnic Area,huntington-city-beach-picnic,6786de91c5b6dbbb511c16df,678661730ea760533db7153c,67d8fa6836193b2f267c4201,false,false,Tue Mar 18 2025 04:45:28 GMT+0000 (Coordinated Universal Time),Sun Mar 23 2025 00:02:20 GMT+0000 (Coordinated Universal Time),Sun Mar 23 2025 00:02:20 GMT+0000 (Coordinated Universal Time),-118.00279724,33.65687331,Picnic area
Pitu Bu,malibu-beach-pitu-bu,6786de91c5b6dbbb511c16df,678661730ea760533db7153c,67e1c271f2e4d022975d23e9,false,false,Mon Mar 24 2025 20:37:05 GMT+0000 (Coordinated Universal Time),Mon Mar 24 2025 20:37:05 GMT+0000 (Coordinated Universal Time),Mon Mar 24 2025 20:37:05 GMT+0000 (Coordinated Universal Time),-118.6758117,34.03819099,Food
Restroom,huntington-city-beach-restroom-1,6786de91c5b6dbbb511c16df,678661730ea760533db7153c,67d8f9a078fd01ab960c6b5a,false,false,Tue Mar 18 2025 04:42:08 GMT+0000 (Coordinated Universal Time),Sun Mar 23 2025 00:02:21 GMT+0000 (Coordinated Universal Time),Sun Mar 23 2025 00:02:21 GMT+0000 (Coordinated Universal Time),-118.00325477,33.65720225,Restroom
Restroom,huntington-city-beach-restroom-2,6786de91c5b6dbbb511c16df,678661730ea760533db7153c,67df4212a7c14eb943840e29,false,false,Sat Mar 22 2025 23:04:50 GMT+0000 (Coordinated Universal Time),Sun Mar 23 2025 00:02:21 GMT+0000 (Coordinated Universal Time),Sun Mar 23 2025 00:02:21 GMT+0000 (Coordinated Universal Time),-118.00188292,33.65599825,Restroom
Restroom,huntington-city-beach-restroom-3,6786de91c5b6dbbb511c16df,678661730ea760533db7153c,67df44592b0887a0e20ff43c,false,false,Sat Mar 22 2025 23:14:33 GMT+0000 (Coordinated Universal Time),Sun Mar 23 2025 00:02:21 GMT+0000 (Coordinated Universal Time),Sun Mar 23 2025 00:02:21 GMT+0000 (Coordinated Universal Time),-117.99853565,33.6542082,Restroom
Restroom,huntington-city-beach-restroom-4,6786de91c5b6dbbb511c16df,678661730ea760533db7153c,67df46b46fa8ba84431ff634,false,false,Sat Mar 22 2025 23:24:36 GMT+0000 (Coordinated Universal Time),Sun Mar 23 2025 00:02:21 GMT+0000 (Coordinated Universal Time),Sun Mar 23 2025 00:02:21 GMT+0000 (Coordinated Universal Time),-117.99649364,33.65289316,Restroom
Restroom,huntington-city-beach-restroom-5,6786de91c5b6dbbb511c16df,678661730ea760533db7153c,67df47e9e552a8d10f0b57fe,false,false,Sat Mar 22 2025 23:29:45 GMT+0000 (Coordinated Universal Time),Sun Mar 23 2025 00:02:20 GMT+0000 (Coordinated Universal Time),Sun Mar 23 2025 00:02:20 GMT+0000 (Coordinated Universal Time),-117.994066,33.6515284,Restroom
Restroom,huntington-city-beach-restroom-6,6786de91c5b6dbbb511c16df,678661730ea760533db7153c,67df492c247f9581f27a48c5,false,false,Sat Mar 22 2025 23:35:08 GMT+0000 (Coordinated Universal Time),Sun Mar 23 2025 00:02:21 GMT+0000 (Coordinated Universal Time),Sun Mar 23 2025 00:02:21 GMT+0000 (Coordinated Universal Time),-117.9913186,33.64976388,Restroom
Restroom,huntington-city-beach-restroom-7,6786de91c5b6dbbb511c16df,678661730ea760533db7153c,67df4a2946905535d8361936,false,false,Sat Mar 22 2025 23:39:21 GMT+0000 (Coordinated Universal Time),Sun Mar 23 2025 00:02:21 GMT+0000 (Coordinated Universal Time),Sun Mar 23 2025 00:02:21 GMT+0000 (Coordinated Universal Time),-117.98905626,33.64831814,Restroom
Restroom,huntington-state-beach-restroom-1,6786de91c5b6dbbb511c16df,678661730ea760533db7153c,67df50e1d773793ad47069b3,false,false,Sun Mar 23 2025 00:08:01 GMT+0000 (Coordinated Universal Time),Sun Mar 23 2025 00:16:50 GMT+0000 (Coordinated Universal Time),Sun Mar 23 2025 00:16:50 GMT+0000 (Coordinated Universal Time),-118.0065698,33.659772,Restroom
Restroom,huntington-state-beach-restroom-2,6786de91c5b6dbbb511c16df,678661730ea760533db7153c,67df517c5f20ce141a809d66,false,false,Sun Mar 23 2025 00:10:36 GMT+0000 (Coordinated Universal Time),Sun Mar 23 2025 00:17:04 GMT+0000 (Coordinated Universal Time),Sun Mar 23 2025 00:17:04 GMT+0000 (Coordinated Universal Time),-118.0096067,33.66215991,Restroom
Restroom,huntington-state-beach-restroom-3,6786de91c5b6dbbb511c16df,678661730ea760533db7153c,67df5202c964252d03432bdb,false,false,Sun Mar 23 2025 00:12:50 GMT+0000 (Coordinated Universal Time),Sun Mar 23 2025 00:17:20 GMT+0000 (Coordinated Universal Time),Sun Mar 23 2025 00:17:20 GMT+0000 (Coordinated Universal Time),-118.01316569,33.66478058,Restroom
Restroom,huntington-state-beach-restroom-4,6786de91c5b6dbbb511c16df,678661730ea760533db7153c,67df52852fdf5128e4292073,false,false,Sun Mar 23 2025 00:15:01 GMT+0000 (Coordinated Universal Time),Sun Mar 23 2025 00:17:34 GMT+0000 (Coordinated Universal Time),Sun Mar 23 2025 00:17:34 GMT+0000 (Coordinated Universal Time),-118.01656288,33.66725576,Restroom
Restroom,santa-cruz-wharf-restroom-1,6786de91c5b6dbbb511c16df,678661730ea760533db7153c,67df8e7313840e6e99d8252c,false,false,Sun Mar 23 2025 04:30:43 GMT+0000 (Coordinated Universal Time),Sun Mar 23 2025 04:30:43 GMT+0000 (Coordinated Universal Time),Sun Mar 23 2025 04:30:43 GMT+0000 (Coordinated Universal Time),-122.01794091,36.95840673,Restroom
Restroom,santa-cruz-wharf-restroom-2,6786de91c5b6dbbb511c16df,678661730ea760533db7153c,67df8eac57692c6f4aca1469,false,false,Sun Mar 23 2025 04:31:40 GMT+0000 (Coordinated Universal Time),Sun Mar 23 2025 04:31:40 GMT+0000 (Coordinated Universal Time),Sun Mar 23 2025 04:31:40 GMT+0000 (Coordinated Universal Time),-122.0178837,36.95857787,Restroom
Restroom,santa-cruz-wharf-restroom-3,6786de91c5b6dbbb511c16df,678661730ea760533db7153c,67df8fee6d2956a4593e6165,false,false,Sun Mar 23 2025 04:37:02 GMT+0000 (Coordinated Universal Time),Sun Mar 23 2025 04:37:02 GMT+0000 (Coordinated Universal Time),Sun Mar 23 2025 04:37:02 GMT+0000 (Coordinated Universal Time),-122.02020033,36.96018164,Restroom
Restroom,santa-cruz-wharf-restroom-4,6786de91c5b6dbbb511c16df,678661730ea760533db7153c,67df90276d2956a4593e9ffb,false,false,Sun Mar 23 2025 04:37:59 GMT+0000 (Coordinated Universal Time),Sun Mar 23 2025 04:37:59 GMT+0000 (Coordinated Universal Time),Sun Mar 23 2025 04:37:59 GMT+0000 (Coordinated Universal Time),-122.02326134,36.96279226,Restroom
Restroom,santa-cruz-beach-restroom-5,6786de91c5b6dbbb511c16df,678661730ea760533db7153c,67df908acf5c64bb8793e47f,false,false,Sun Mar 23 2025 04:39:38 GMT+0000 (Coordinated Universal Time),Sun Mar 23 2025 04:39:38 GMT+0000 (Coordinated Universal Time),Sun Mar 23 2025 04:39:38 GMT+0000 (Coordinated Universal Time),-122.02293472,36.96292762,Restroom
Restroom,santa-cruz-beach-restroom-6,6786de91c5b6dbbb511c16df,678661730ea760533db7153c,67e0713f374ea0ccbfb85062,false,false,Sun Mar 23 2025 20:38:23 GMT+0000 (Coordinated Universal Time),Thu Mar 27 2025 01:08:52 GMT+0000 (Coordinated Universal Time),Thu Mar 27 2025 01:08:52 GMT+0000 (Coordinated Universal Time),-122.01371676,36.96562629,Restroom
Restroom,santa-cruz-beach-restroom-7,6786de91c5b6dbbb511c16df,678661730ea760533db7153c,67e071e88707ff2e4786c674,false,false,Sun Mar 23 2025 20:41:12 GMT+0000 (Coordinated Universal Time),Sun Mar 23 2025 20:41:12 GMT+0000 (Coordinated Universal Time),Sun Mar 23 2025 20:41:12 GMT+0000 (Coordinated Universal Time),-122.01397743,36.96516177,Restroom
Restroom,santa-cruz-beach-restroom-8,6786de91c5b6dbbb511c16df,678661730ea760533db7153c,67e0720c02c83e3528fb512d,false,false,Sun Mar 23 2025 20:41:48 GMT+0000 (Coordinated Universal Time),Sun Mar 23 2025 20:41:48 GMT+0000 (Coordinated Universal Time),Sun Mar 23 2025 20:41:48 GMT+0000 (Coordinated Universal Time),-122.01398558,36.96516863,Restroom
Restroom,malibu-beach-restroom-1,6786de91c5b6dbbb511c16df,678661730ea760533db7153c,67e1c1bc4481294d3e3280a0,false,false,Mon Mar 24 2025 20:34:04 GMT+0000 (Coordinated Universal Time),Mon Mar 24 2025 20:34:04 GMT+0000 (Coordinated Universal Time),Mon Mar 24 2025 20:34:04 GMT+0000 (Coordinated Universal Time),-118.67654642,34.0372582,Restroom
Riva Fish House,santa-cruz-wharf-riva-fish-house,6786de91c5b6dbbb511c16df,678661730ea760533db7153c,67df8f790378b096d93ddd48,false,false,Sun Mar 23 2025 04:35:05 GMT+0000 (Coordinated Universal Time),Sun Mar 23 2025 04:35:05 GMT+0000 (Coordinated Universal Time),Sun Mar 23 2025 04:35:05 GMT+0000 (Coordinated Universal Time),-122.01971764,36.9598733,Food
Santa Cruz Boardwalk Parking Lots 2 & 3,santa-cruz-beach-parking-7,6786de91c5b6dbbb511c16df,678661730ea760533db7153c,67e06fdb1a9341e97a0a6629,false,false,Sun Mar 23 2025 20:32:27 GMT+0000 (Coordinated Universal Time),Thu Mar 27 2025 01:09:33 GMT+0000 (Coordinated Universal Time),Thu Mar 27 2025 01:09:33 GMT+0000 (Coordinated Universal Time),-122.01512885,36.96680147,Parking
Santa Cruz Wharf,santa-cruz-wharf,6786de91c5b6dbbb511c16df,678661730ea760533db7153c,67df8dee751dd279771df6ec,false,false,Sun Mar 23 2025 04:28:30 GMT+0000 (Coordinated Universal Time),Sun Mar 23 2025 04:28:30 GMT+0000 (Coordinated Universal Time),Sun Mar 23 2025 04:28:30 GMT+0000 (Coordinated Universal Time),-122.02169981,36.96140237,Pier
Sawasdee by the Sea,santa-cruz-beach-sawasdee-by-the-sea,6786de91c5b6dbbb511c16df,678661730ea760533db7153c,67df915fcab6660501ceb76a,false,false,Sun Mar 23 2025 04:43:11 GMT+0000 (Coordinated Universal Time),Sun Mar 23 2025 04:43:11 GMT+0000 (Coordinated Universal Time),Sun Mar 23 2025 04:43:11 GMT+0000 (Coordinated Universal Time),-122.02237476,36.96351489,Food
Shor,shor,6786de91c5b6dbbb511c16df,678661730ea760533db7153c,67df496546905535d8355099,false,false,Sat Mar 22 2025 23:36:05 GMT+0000 (Coordinated Universal Time),Sat Mar 22 2025 23:36:05 GMT+0000 (Coordinated Universal Time),Sat Mar 22 2025 23:36:05 GMT+0000 (Coordinated Universal Time),-117.99107633,33.649659,Food
Shower,huntington-city-beach-shower-1,6786de91c5b6dbbb511c16df,678661730ea760533db7153c,67df40398e78c99b5c22596a,false,false,Sat Mar 22 2025 22:56:57 GMT+0000 (Coordinated Universal Time),Sun Mar 23 2025 00:02:21 GMT+0000 (Coordinated Universal Time),Sun Mar 23 2025 00:02:21 GMT+0000 (Coordinated Universal Time),-118.00348641,33.65717083,Showers
Shower,huntington-city-beach-shower-2,6786de91c5b6dbbb511c16df,678661730ea760533db7153c,67df42994f2ebb01fa640bc7,false,false,Sat Mar 22 2025 23:07:05 GMT+0000 (Coordinated Universal Time),Sun Mar 23 2025 00:02:21 GMT+0000 (Coordinated Universal Time),Sun Mar 23 2025 00:02:21 GMT+0000 (Coordinated Universal Time),-118.00150733,33.655763,Showers
Shower,huntington-city-beach-shower-3,6786de91c5b6dbbb511c16df,678661730ea760533db7153c,67df42e1ddfe653fcf1c6a91,false,false,Sat Mar 22 2025 23:08:17 GMT+0000 (Coordinated Universal Time),Sun Mar 23 2025 00:02:20 GMT+0000 (Coordinated Universal Time),Sun Mar 23 2025 00:02:20 GMT+0000 (Coordinated Universal Time),-118.00071074,33.65519539,Showers
Shower,huntington-city-beach-shower-4,6786de91c5b6dbbb511c16df,678661730ea760533db7153c,67df43348179811c8c1bebd4,false,false,Sat Mar 22 2025 23:09:40 GMT+0000 (Coordinated Universal Time),Sun Mar 23 2025 00:02:21 GMT+0000 (Coordinated Universal Time),Sun Mar 23 2025 00:02:21 GMT+0000 (Coordinated Universal Time),-117.99984365,33.65464252,Showers
Shower,huntington-city-beach-shower-5,6786de91c5b6dbbb511c16df,678661730ea760533db7153c,67df459752b98202575ca7ed,false,false,Sat Mar 22 2025 23:19:51 GMT+0000 (Coordinated Universal Time),Sun Mar 23 2025 00:02:21 GMT+0000 (Coordinated Universal Time),Sun Mar 23 2025 00:02:21 GMT+0000 (Coordinated Universal Time),-117.99867286,33.65403727,Showers
Shower,huntington-city-beach-shower-6,6786de91c5b6dbbb511c16df,678661730ea760533db7153c,67df4639f8dbc72af8f7ee02,false,false,Sat Mar 22 2025 23:22:33 GMT+0000 (Coordinated Universal Time),Sun Mar 23 2025 00:02:21 GMT+0000 (Coordinated Universal Time),Sun Mar 23 2025 00:02:21 GMT+0000 (Coordinated Universal Time),-117.99755856,33.65341976,Showers
Shower,huntington-city-beach-shower-7,6786de91c5b6dbbb511c16df,678661730ea760533db7153c,67df4680b828fec372146643,false,false,Sat Mar 22 2025 23:23:44 GMT+0000 (Coordinated Universal Time),Sun Mar 23 2025 00:02:21 GMT+0000 (Coordinated Universal Time),Sun Mar 23 2025 00:02:21 GMT+0000 (Coordinated Universal Time),-117.99641854,33.65261824,Showers
Shower,huntington-city-beach-shower-8,6786de91c5b6dbbb511c16df,678661730ea760533db7153c,67df4719fdd3d929a435ceb4,false,false,Sat Mar 22 2025 23:26:17 GMT+0000 (Coordinated Universal Time),Sun Mar 23 2025 00:02:20 GMT+0000 (Coordinated Universal Time),Sun Mar 23 2025 00:02:20 GMT+0000 (Coordinated Universal Time),-117.99502258,33.65200043,Showers
Shower,huntington-city-beach-shower-9,6786de91c5b6dbbb511c16df,678661730ea760533db7153c,67df481a1b3361e16ae1c8cd,false,false,Sat Mar 22 2025 23:30:34 GMT+0000 (Coordinated Universal Time),Sun Mar 23 2025 00:02:20 GMT+0000 (Coordinated Universal Time),Sun Mar 23 2025 00:02:20 GMT+0000 (Coordinated Universal Time),-117.99422324,33.6514167,Showers
Shower,huntington-city-beach-shower-10,6786de91c5b6dbbb511c16df,678661730ea760533db7153c,67df48d830ab2d1c634527c9,false,false,Sat Mar 22 2025 23:33:44 GMT+0000 (Coordinated Universal Time),Sun Mar 23 2025 00:02:21 GMT+0000 (Coordinated Universal Time),Sun Mar 23 2025 00:02:21 GMT+0000 (Coordinated Universal Time),-117.99238803,33.65029442,Showers
Shower,huntington-city-beach-shower-11,6786de91c5b6dbbb511c16df,678661730ea760533db7153c,67df49009048b548f3cb6cec,false,false,Sat Mar 22 2025 23:34:24 GMT+0000 (Coordinated Universal Time),Sun Mar 23 2025 00:02:21 GMT+0000 (Coordinated Universal Time),Sun Mar 23 2025 00:02:21 GMT+0000 (Coordinated Universal Time),-117.99173211,33.64980056,Showers
Shower,huntington-city-beach-shower-12,6786de91c5b6dbbb511c16df,678661730ea760533db7153c,67df49a20d8e13634687ed8e,false,false,Sat Mar 22 2025 23:37:06 GMT+0000 (Coordinated Universal Time),Sun Mar 23 2025 00:02:21 GMT+0000 (Coordinated Universal Time),Sun Mar 23 2025 00:02:21 GMT+0000 (Coordinated Universal Time),-117.99009098,33.64884279,Showers
Shower,huntington-city-beach-shower-13,6786de91c5b6dbbb511c16df,678661730ea760533db7153c,67df4a04e01121b2181ba609,false,false,Sat Mar 22 2025 23:38:44 GMT+0000 (Coordinated Universal Time),Sun Mar 23 2025 00:02:21 GMT+0000 (Coordinated Universal Time),Sun Mar 23 2025 00:02:21 GMT+0000 (Coordinated Universal Time),-117.98926569,33.64823647,Showers
Splash,santa-cruz-wharf-splash,6786de91c5b6dbbb511c16df,678661730ea760533db7153c,67df8f25102a9920a0daae53,false,false,Sun Mar 23 2025 04:33:41 GMT+0000 (Coordinated Universal Time),Sun Mar 23 2025 04:33:41 GMT+0000 (Coordinated Universal Time),Sun Mar 23 2025 04:33:41 GMT+0000 (Coordinated Universal Time),-122.01858951,36.95906462,Food
Stagnaro Brothers Seafood,santa-cruz-wharf-stagnaro-brothers-seafood,6786de91c5b6dbbb511c16df,678661730ea760533db7153c,67df8e5457692c6f4ac9ad2b,false,false,Sun Mar 23 2025 04:30:12 GMT+0000 (Coordinated Universal Time),Sun Mar 23 2025 04:32:35 GMT+0000 (Coordinated Universal Time),Sun Mar 23 2025 04:32:35 GMT+0000 (Coordinated Universal Time),-122.01777806,36.958264,Food
Steamer Lane Supply,santa-cruz-beach-steamer-lane-supply,6786de91c5b6dbbb511c16df,678661730ea760533db7153c,67e06e1fb80628471e7507f7,false,false,Sun Mar 23 2025 20:25:03 GMT+0000 (Coordinated Universal Time),Sun Mar 23 2025 20:25:03 GMT+0000 (Coordinated Universal Time),Sun Mar 23 2025 20:25:03 GMT+0000 (Coordinated Universal Time),-122.02607782,36.95324247,Food
The Picnic Basket,santa-cruz-beach-the-picnic-basket,6786de91c5b6dbbb511c16df,678661730ea760533db7153c,67df906838b9b087bc74080b,false,false,Sun Mar 23 2025 04:39:04 GMT+0000 (Coordinated Universal Time),Sun Mar 23 2025 04:39:04 GMT+0000 (Coordinated Universal Time),Sun Mar 23 2025 04:39:04 GMT+0000 (Coordinated Universal Time),-122.02306596,36.96318209,Food
Wheel Fun Rentals,wheel-fun-rentals,6786de91c5b6dbbb511c16df,678661730ea760533db7153c,67df4897e98fa27796133835,false,false,Sat Mar 22 2025 23:32:39 GMT+0000 (Coordinated Universal Time),Sat Mar 22 2025 23:32:39 GMT+0000 (Coordinated Universal Time),Sat Mar 22 2025 23:32:39 GMT+0000 (Coordinated Universal Time),-117.99393721,33.65137641,Food
Woodie's Cafe,santa-cruz-wharf-woodies-cafe,6786de91c5b6dbbb511c16df,678661730ea760533db7153c,67df8fc8e797930b85c648a3,false,false,Sun Mar 23 2025 04:36:24 GMT+0000 (Coordinated Universal Time),Sun Mar 23 2025 04:36:24 GMT+0000 (Coordinated Universal Time),Sun Mar 23 2025 04:36:24 GMT+0000 (Coordinated Universal Time),-122.01998588,36.96005838,Food
Zack's Too,zacks-too,6786de91c5b6dbbb511c16df,678661730ea760533db7153c,67df4a5b46905535d8364444,false,false,Sat Mar 22 2025 23:40:11 GMT+0000 (Coordinated Universal Time),Sat Mar 22 2025 23:40:11 GMT+0000 (Coordinated Universal Time),Sat Mar 22 2025 23:40:11 GMT+0000 (Coordinated Universal Time),-117.98866996,33.6481485,Food
